id,reddit_id,permalink,author,subreddit,body,score,ups,downs,created_utc,retrieved_on,parent_id,parent_is_post
1020,c16wb,,mnemonicsloth,reddit.com,"Okay, so this article is too simplistic, even if it shares the view that Mugabe is a very bad man.  Assuming you don't like sanctions, what are our other options?

To paraphrase [Matt Welch](http://mattwelch.com/old/2001_11_04_lettersarchive.html#6944345):

* Economic aid: suggests we implicitly support what the regime is up to.  see Egypt, Indonesia
* Humanitarian aid: allows the regime to continue to neglect its own people, when the aid itself doesn't get stolen.  See Nigeria, Afghanistan
* Trade: Legitimizes the regime and gives it a financial lever to use on us.  Opportunity for large corporations to profit from the repression.  See Saudi Arabia, China.
* Economic Sanctions: Make the situation worse.  
* Military Attack: Iraq.  Iraq.  Iraq Iraq Iraq.  Really, the less said, the better.
* Doing Nothing: We can't just sit here while they kill or brutalize thousands of people.  Are we racist monsters?  See: Sudan, Rwanda, Bosnia.",2,2,,1138817684,1473820884,_c16rs,0
1219,c171l,,chu,reddit.com,"Indeed, China's economy has been expanding at 10% pa. for the last decade.",1,1,,1138832139,1473820886,_c16yx,0
1226,c172d,,[deleted],reddit.com,Which is irrelevant to a discussion of the efficiency of a planned economy. China is totally hybridized w.r.t. capitalism and communism.,6,6,,1138834516,1473820886,_c171l,0
1755,c17m9,,stronimo,reddit.com,"Yes, China has a mixed economy. Unlike Russia which underwent a rapid, shock transition to private ownership. (Sarcasm Warning!) What an economic dynamo they unleashed right?

Russia's economy has contracted pretty much every year since the fall of Communism, and is now smaller than Belgium's.",5,5,,1138890488,1473820897,_c172d,0
2411,c18b3,,tss,reddit.com,"They're in good democratic company there: Iran, China, Cuba, Pakistan, Russia, Sudan...",4,4,,1138963742,1473820909,_180x,1
3546,c4085,,enjahova,reddit.com,"Its sad that the reasons the Chinese can get things done so fast is because they dont have hangups with environmentalists, good governance, and human rights.

At the same time, does that make them wrong? They are possibly on to a solution for Africa's problems; the creation of infrastructure.

The apparent problem with Western aide to Africa was not that there wasnt enough, but that it does nothing. So here we have Chinese coming in and doing things, and doing them fast. I've been to China, and they work FAST. 

So now we have Chinese violating all kinds of moral principles, but in doing so they are accomplishing what the moral West cant.

It seems to me that we (Westerners) havn't gotten over cultural imperialism. We have to have things done our way, and because our way is the right way, it will produce the right results. It is becoming increasingly clear that this is not really the case, especially in Africa.

While some may deride the Chinese for going about things in the wrong way, they are the only ones getting the right results.",2,2,,1136826703,1473822728,_24904,1
3681,c4144,,mattknox,reddit.com,"500 billion small arms?  That is more than 90 per person for the whole world, and there are many countries (eg. China and India, most of europe) that have hardly any guns at all.  For this to be true, one would have to wade through the piles of Kalashnikovs in Africa, where there would be about 500 guns per person.  The main thrust of the article is right-diamonds are not particularly rare, De Beers is almost flambuoyantly evil, and jewelry is one of our less-defensible customs, but there are not half a trillion guns in the world.",12,12,,1136840789,1473822744,_24780,1
3699,c4157,,zemlyanin,reddit.com,"To all you web surfers who live in China, there is still hope :).",2,2,,1136846454,1473822744,_25028,1
3778,c19dz,,lupin_sansei,reddit.com,"Which wars in particular are you talking about which the Christian's ""War Machines"" caused violent destruction?

First World War? Europeans invade each other's countries. Not in the name of Christianity

Second World War? Fascists try to take over the world. Fascists rejected Christianity wholesale. Rest of the world beats them.

Cold War? Communists start taking over Europe. West gets concerned and arms. No particular Christian perspective to the war, except the Communists banned all religions.

Vietnam War? North Vietnam funded by China attempts to annex South Vietnam. After a few years everyone in America gets tired of it and goes home. Can't see the Christian context there?

The 2 Gulf Wars? Over Iraq Invading Kuwait and the search for WMDs. Again no particular Christian endorsement. In fact most Church leaders where quite anti-war.

Methinks you've mixed up Christianity with the West. They are different you know. Not every decision made in the West is automatically Christian.",3,3,,1139092942,1473820929,_c19by,0
3951,c19fp,,llama-lime,reddit.com,"I disagree, in that Islamic countries have *already* had an Enlightenment.  When Europe was going through its Dark Ages, Islam was flourishing and producing great things such as algebra.  The concept of ""progress"" is not a certainty, it is not inevitable, and we must be careful not to let our own culture slide backwards.

You are especially right in that we must introspect on our own society.  The specter of fundamentalism is rising, it's [running our government](http://scienceblogs.com/pharyngula/2006/02/poor_superman.php), and if we're not careful in the future we'll end up poor, angry, violent, and at the whim of more powerful countries (such as China, from whom we borrow  to cover our massive deficit).",2,2,,1139100854,1473820931,_c01983,0
3960,c2pt4,,386master,reddit.com,"Lol this is funny! Sad thing to see how much the USA and China have in common. The thing is that the people responsible for all this are the first ones to condem countries that openly censor internet content. 

It may be happening to soldiers in Iraq now but how long do you think it will take them to implement these measures, in some form or another, at home?",1,1,,1141480917,1473821877,_2nxw,1
3996,c19ga,,[deleted],reddit.com,"Actually the Sumerians were the first culture we know of making beer.  They were not ethnic Arabs, though they were in the ancient near east.  FWIW, it is against most schools of Islamic law to drink alcohol, most of the schools that do permit it are in countries that Islam assimilated later, China, Malaysia, etc.",5,5,,1139102857,1473820931,_c19ft,0
4115,c19jg,,mnemonicsloth,reddit.com,"Actually, the vast majority of the much-lamented bloodshed in the 20th Century was perpetrated by atheists,  nationalists, and racists.  Honestly, have religious fundamentalists come even close to these numbers?

* Military Casualties WWI ~8 Million (more than all previous  European wars?)
* Military Casualties in WWII: 25 million

* Deaths due to Mao' Great Leap Forward: ~35 million
* Deaths due to Mao's Cultural Revolution/State Terror: ~30 million
* Deaths under Stalin: engineered famine/state terror: 20-40 million
* Polish non-Jews killed by Germans during WWII: ~1.8 million
* Jewish Holocaust Victims: ~6 million
* non-Jewish Holocaust Victims (disabled, homosexual, Jehovah's Witnesses, communists, Slavs, Russian POWs, Roma): ~ 2-6 million
* Civillian deaths in Russia, WWII:  11 million
* Russian Military Casualties, WWII: 10 million
* Civillian deaths in China, WWII: 6 million
* Military deaths in China, WWII: 4 million
* Deaths under Cambodian Communist regime(s): 2 million (extermination of urban population)
* Deaths under Vietnamese Communist regime: 1 million
* Deaths under various Eastern European communist governments: 1 million
* Deaths due to Soviet Aggression in Afghanistan: 1.6 million
* Deaths under North Korean Communist regime: 2 million
* Deaths under Iraqi Baathist regime: 290-500 thousand

None of the victims are of any particular religion, unless you count the extermination of Eastern European Jews by Nazis.  But then, I would think that the Nazi campaigns against gypsies, homosexuals, communists, Jehovah's witnesses, Russians, Ukranians, Poles, Slavs, etc. show that the animus against Jews was at least partly racial as opposed to theological.

None of the perpetrators of these crimes were of any particular religion, unless you argue that Marxism, Marxism-Leninism, or ""Communism"" are religions.  Hence, none of these crimes have really been perpetrated by ""fundamentalists"" -- although they were definitely carried out by fanatics.

All of this is a rather roundabout way of saying, when you talk about the United States ""using fundamentalism as an ideological tool against ... progressive nationalism and communism"", or wax regretful over the many crimes of Christian fundamentalists in the US, or talk up the import of protecting ""The West"" from Muslim fundamentalists in the Persian Gulf, that we all have to keep these things in the proper perspective.

Of course, if you note the relatively small numbers associated with the first two items on the list, you begin to wonder whether all the pap and sentiment we get on TV about ""man's inhumanity to man"" shouldn't really be phrased ""The State's inhumanity to man"".  Really -- why not?",6,6,,1139116079,1473820932,_c197t,0
6909,c1bdp,,[deleted],reddit.com,"I can't really see scientists flocking to China to go and do research there...

Then again, should a US/China war ever break out, who has the best scientists/engineers WILL play a large role in the result.",2,2,,1139303650,1473820966,_1aj5,1
7243,c1bmn,,lionheart,reddit.com,"Alright, so this is just like when the WWII media wrote about ""savage Japs"". I'll take your premise.

So then, you think it would have been better to do nothing about the real Japanese threat in WWII and let their Empire conquer and subjugate Manchuria, China, and possibly as much of the world as they could?

Or should we have fought back against an enemy and tried to defend ourselves?

The Japanese weren't evil, the Muslim countries are not evil.

The Japanese, however, did decide before WWII that they were better than everybody else and that they will go ahead and prove this by conquering as much of Asia and the world as they could and imposing their rule on the people living there.

That's exactly what the Muslims want to do now. Their leaders, quite often, have proclaimed that they want to destroy us and cover the entire world with their brand of fascist fanatical Islam where all Jew and Chrisitians will be killed, and all women subjugated.

We need to show them, quite clearly, that this isn't going to happen.

And then, when they've acknowledged our right to exist and do what we want to do in our own countries, they will be as welcomed into the world community as the Japanese are now.",3,3,,1139321938,1473820972,_c1bkm,0
7458,c1bum,,UncleOxidant,reddit.com,"The article says: ""In the first place, it wouldn't actually matter if it were true [that we have a shortage of folks who know math and science in the US]. The whole point of the international division of labor is that we benefit from the skills of everyone around the world.""

I really suspect that we don't want to be on the 'countries that don't do math and science' end of this equation.  This whole 'international division of labor' things seems like a bad idea, really.  It seems that we have people who have a variety of skills, interests, and abilities in the US (or any nation for that matter) and to say ""Oh, you're good at math and science, well you'd best move to China or India because those are the places that specialize in those skills, here we do marketing"" is a very bad idea.  If you believe in this international division of labor then it basically means that in any nation you'll have large numbers of people who won't be able to 'fit' into a highly specialized society which has no room for their skills.  It also means that if some disaster comes up where you can't communicate or trade with other regions for a time, your country will not be able to get essential goods or services.  (think avian flu, for example, we don't make basic medical supplies like masks, gloves, needles, even medicines here anymore, so if we find that Asia is hit hard by h2h transmission of avian flu our hospitals will quickly run out of these supplies).",1,1,,1139335646,1473820976,_1bqn,1
7737,c5765,,59ideas,reddit.com,"I was falling asleep for the most part but the last part caught my attention. It provided a piece to a puzzle that I had for a while regarding the mindset of the Chinese people (people in China not Chinese outside of China).

China, for the longest time (witness the emperors, warlords, communist party), create wealth through power not innovation. 
The whole system and society are geared towards power wealth.

Now with the rapidly opening of China, the influx of technology and blooming startups, the old ""ways"" have not caught up to the new reality. Hence the ""weird"" practices encountered by westerners or even more liberal asians.

On the surface, many Chinese can grasp this concept. But the actual execution is subjected to much contortion.

The sheer number of people, the unique political ecosystem and the ""thousand years of culture"" surely make change daunting.

Nevertheless unprecedented wealth creation in China as we speak.

Great piece!",0,0,,1137317394,1473823519,_20775,1
7843,c2tqf,,[deleted],reddit.com,"&gt; Because in no way do religious fundamentalists constitute the main powerbase in the most powerful nation on Earth today.

&gt; Oh, wait - they do... and they seem to be every bit as opposed to real religious freedom as the groups you cited.

Alright, let's look at this realistically. Are people in America free to practice any religion they'd like? Yes. Are they being murdered by their own government due to their beliefs? No.

Please don't even try and compare the current situation in America or any other nation with that of the Soviet Union or China. Its insulting the the millions of many different faiths who were murdered in cold blood in those nations for their beliefs.",-5,-5,,1141765477,1473821949,_c2thl,0
7917,c2tsb,,brianwisti,reddit.com,"Not sure what to think about the implication that any attempt to address overpopulation issues is bad for the economy.

I was also wondering how the protest count in China compares to the US. Not the violence or organization issues, just the number of protests per day and the average number of participants. I guess the numbers would have to be adjusted for population as well. Maybe the statistics are just plain old meaningless, what with them being official government statistics.

And India's in danger because most members of the population aren't English speaking engineers? That's like saying the US economy is in danger because most members of the population are barely qualified to work in Wal-Mart because of our educational system, which is just complete ... umm ... 

Better get cracking on your schools, India!",3,3,,1141767864,1473821949,_2tq0,1
8652,c6128,,ploken,reddit.com,"Another thing to keep in mind is that while oil supply may be limited, coal and natural gas reserves are much larger. Estimates are 1,000,000 million short tons recoverable coal and 5,500 million short tons annual demand (natural gas numbers are in a similar ratio). These sources count for 58% of emissions, and 96% of emissions from electricity sectors. Major changes are inevitable in transportation, but oil is not the limiting factor for energy-related emissions. Given that China and India have plenty of coal, limited oil does not imply sufficient reductions in emissions.

see:
http://www.eia.doe.gov/oiaf/1605/ggccebro/chapter1.html
http://www.eia.doe.gov/emeu/international/",4,4,,1137430256,1473824077,_c6085,0
8875,c6199,,tubaleiter,reddit.com,"Russia would be overjoyed, since they are energy exporters; China, on the other hand, would be less than happy.  Iran would just be shooting itself in the foot, since it would have to lower production to raise the price, and probably every other exporter would just up production to take advantages of the higher prices, having some but not a great impact on the world price of oil.",3,3,,1137444795,1473824081,_c6173,0
9405,c6416,,isaacharley,reddit.com,"I gave this one points (because I find the subject very interesting and think others should think about it as well), but I think the author, and perhaps the professor interviewed paint an incomplete picture of the challenges of learning Chinese. 

First, it is *very* important to note that ""Chinese"" is at best an incomplete definition of the languages currently spoken in the people's republic of china and by the diaspora of Han Chinese around the world. Even the separation into Mandarin (Putonghua) and Cantonese (Guangdonghua) doesn't do justice to the variety of spoken Chinese throughout China. 
Whereas Mandarin is the official language of China, based largely on the local language in Beijing, the capitol, Cantonese is spoken in Hong Kong and Guangdong province and traditionally has been the language of the Chinese diaspora, due to the importance of the South-east of China in international trade. That said, there are many different local variants of Chinese, which when spoken are mutually unintelligible. Useful comparisons to the structure of the Chinese languages can be drawn from the relation of the Romance languages (Italian, French, Spanish, Portuguese, Romanian, Occitan, etc.) to Latin. [All of these languages share some degree of mutual intelligibility] Another is the case of Arabic, where there are many varieties of spoken Arabic (Iraqi, Morrocan, Egyptian, Syrian, etc.) and literary Arabic, which is common throughout, based on the qur'anic version of Arabic. 

That said, Chinese, like any language is very easy for children to learn how to speak. It is, nonetheless, a difficult writing system to master, even for chinese-born native speakers. [http://books.google.com/books?vid=ISBN0824810686] 
For adult foreigners, however, it poses a bit more of a challenge. 
The article points out that writing and tonality are the two main hurdles to overcome. 
I generally agree, however, there are a number of phonemes ( sounds) which simply do not occur in English (insert your local language here), which to occur in Chinese. These pose a challenge as well. 
Tonality is either a huge problem (my father is tone-deaf;I don't believe he could ever become fluent in Chinese) or just takes a lot of discipline/practice (remembering the mapping between sound/tone combinations and meaning; Fortunately context, aids in this process)
The writing system is not so bad, though it requires *a lot* of practice to maintain one's skill. To my surprise, I find it is more similar to Western writing systems, than I ever would have suspected. (In the process of this discovery, I feel I have learned very much about the relation between written and spoken language)
Finally, I find the comment by Dr. Weightman on Grammar at the end particularly misleading. Chinese grammar seems transparent to English speakers, particularly those who have studied a language where modifiers are tacked on to the end of words, to modify tense, declension, etc. (read: Finnish) This is due to the lack of inflection in Chinese - that is changes in word order lead to changes in meaning.

I am not too far along in my study of Chinese language, but I find the difficulty is often over-sold. (except to the tone-deaf, who should never try to learn tonal languages) That's not to say that it is a piece of cake. There are some mental hurdles - tonality, bizzare sounds, a different writing paradigm, and an unfamiliar approach to grammar. Once those are managable at a basic level, I find that dilligence and practice are all that are required.

PS IANALing (I am not a linguist)",12,12,,1137513408,1473824134,_27687,1
9573,c6603,,johnmudd,reddit.com,"Cool, the workers don't give up their souls.  Now let's see if this approach is expanded here or simply shipped to China.",5,5,,1137542451,1473824171,_27598,1
9770,c2uup,,wyclif,reddit.com,"But you still wouldn't want to live in China if you are a heterosexual male and the discussion was limited to sexual matters.  **America is not the only country with sex-related laws**.  This is my point, and histrionics about overpopulation don't change that.",6,6,,1141843386,1473821970,_c2unw,0
10241,c2vhd,,wyclif,reddit.com,"Nobody maintained here that America is better than China or any random Middle Eastern country.  The point, and I'll repeat it here for the third time now, is that **the USA is not the only country that has laws that prohibit sex with minors**.  The original thread complained about America having ""sex laws"".  I replied that America is not alone in that respect.  Got it?  Good!",3,3,,1141886489,1473821982,_c2vcr,0
10453,c1dsw,,ibsulon,reddit.com,"Unfortunately, the interpretation of the report leads me to believe that what it did was hold the goals of the west up and see how well the region meets it.

Of course they don't have democracy - it's antithesis to current or historical Islam! Of course women aren't treated as equals - it's part of the function of women having separate roles in Islam! However, it's foolhardy to believe that innovation is only possible in a democracy - look at the USSR and China. 

Perhaps democracy is optimal - I'd certainly rather live in a democratic state than a theocratic one. I'd certainly rather live in a capitalist society than a planned economy. However, it seems silly to blame the problems of the Arab world on this alone.

Likewise, the idea of blaming colonialism is silly. In sub-saharan Afric, it makes more sense. The continent was sliced up in such illogical ways and was decimated for four centuries. Their woes are the culmination of four centuries of tragedy. However, most of the Arab world had a rather short stay of colonialism. So they lost a little land to Israel - they've had more than enough money to cure the woes that such offenses brought.

Frankly, it seems like the religion itself is to blame. Those who could improve the situation; the innovators, inventors, and iconoclasts don't want to live under such restrictive rules? What would happen if we ignored the work of all atheists in the west? What if we drove them out, like Germany did Einstein and many in the Jewish brain trust that stayed in America after World War 2? What if we imprisoned and murdered homosexuals, like Turing?",3,3,,1139506258,1473821013,_1cek,1
10485,c2vv6,,mppc2006,reddit.com,"Well-researched overview of something that the author deems as China's most serious problem:  The gap between their rich and poor.  This post echoes China's National People's Congress this past weekend which put the gap at center stage.  The author provides references and links to a bunch of online sources, plus references to printed Chinese-language journals.",1,1,,1141920607,1473821988,_2vv4,1
11606,c1wy1,,johnmudd,reddit.com,Such broad reflections from a person who's only visited *one* modern city in all of China?,2,2,,1139740168,1473821328,_1nqx,1
11653,c1x0y,,wyclif,reddit.com,"*Many concepts, such as the one-child policy, are outrageous or offensive to Western sensibilities, but they are widely supported and well regarded here. And frankly, they make a certain amount of sense. [...] In practical terms, the West will likely end up adopting similar policies.*

I stopped reading there; there's no way that I can take such statements seriously or with a straight face while every reliable indicator tells me that the West, especially Europe and the U.S., are facing rapidly declining birthrates which will soon affect the ability of those countries to retain a strong economic presence in science, technology, and a host of other industries (if they haven't already, and I'm convinced they have).  Is Mr. Shuttleworth aware of how the birthrate of a country like, say, Germany affects its GNP?

So to hear some guy blab about the West needing population control based on a visit to China strikes me as not only ironic, but ridiculous.",3,3,,1139755663,1473821330,_1nqx,1
12438,c2y61,,bjlaobao,reddit.com,"All SEM and SEO top players are entering into China, a market with the 2nd largest web population in the world.",1,1,,1142099909,1473822031,_2y5x,1
12481,c2y7c,,landercut,reddit.com,"- Currently, the playback feature of Google Video isn't available in your country.

How hard can it be to unblock a country? I fail to see the reason to block a free video for people (like me) who is living in India. Guess the demografics of this country is not that important for Google, or maybe we got blocked in the same filter as China? 


",1,1,,1142102917,1473822033,_2vd9,1
12496,c1y3p,,modulo,reddit.com,"I used to blame Dick, but now I figured out that I should blame American sheepiness and ignorance. I mean, guys like Cheney are everywhere in the world and they always have been everywhere. Germany, Russia, China etc. It's just that they aren't stopped by Americans.

Whom should I blame when guys like that come to power? Apart from the power addicted themselves? In my opinion, it's the responsibility of Americans to stop their fellow dictators. It's okay to point my finger at them when they don't, isn't it?",1,1,,1139863784,1473821351,_1xt5,1
12529,c1y51,,lupin_sansei,reddit.com,"&gt; Germany, Russia, China 

So your saying that Russia and China can stop guys like Cheney coming to power (Implying that they have better guys in power there)? What planet are you on?",1,1,,1139867507,1473821351,_c1y3p,0
12613,c2ybw,,mleonhard,reddit.com,"I don't see that the USA is one of the most democratic countries in the world.  If you compare it to countries like China and Russia, then yes, it is much more democratic.  But remember that the United States is not really a democracy.  It is a republic.  There is a big difference.  In a democracy, individuals may participate in decisions.  In a republic, groups of individuals appoint a representative who participates in decisions.  Which method do you suppose is more supportive of corruption and exploitation?

I think that republics have a lot of advantages over democracies.  Just please realize that they are two different forms of government.  They are NOT equivalent.",3,3,,1142111974,1473822034,_c2xwv,0
12817,c1yin,,[deleted],reddit.com,"We have bigger problems than the two party system.

Hell, China has bigger problems than their one party system.

But yeah, maybe in fifty years we'll be able to look back and see that American Democracy had already failed in 2000.",1,1,,1139920759,1473821358,_c1yg8,0
13872,c1zof,,ngroenke,reddit.com,It seems like the only inexpensive suppliers of LEDs are in China.  Shipping dramatically increases the cost.  Does anyone know of any cheap domestic suppliers?,1,1,,1140057314,1473821379,_1z99,1
14378,c31rb,,enjahova,reddit.com,"When I went to China with some other students, we were at a Pizza Hut and saw exactly this. First it was one girl who spent 20 minutes getting her salad. Another table of Americans had taken notice, and by the time she was done she had at least 10 people clapping for her. Her face was more red then the 15 tomatoes she had stuffed into her salad.

Not long after that, two other girls did some teamwork. Unfortunatly, salad construction unlike web 2.0 startups, works better with 1 person.",12,12,,1142303125,1473822098,_31ag,1
14838,c32jm,,chu,reddit.com,"It's not even considered particularly left-wing in Europe but rather more centrist - and as the inventors of fascism and communism I guess we should know. I think a lot of people outside the US view these US political labels with some bemusement, like various factions vying for power in China. For a long time the US has had in essence a single political philosophy - capitalism. I think the Republican and Democrat parties are really just a diversion to exaggerate the illusion of political choice - it makes more sense to see them as competitors in _who_ runs things rather than _how_ things are run. However, I have to say that it looks like Bush may be a radical who really wants to make a difference.",8,8,,1142350907,1473822112,_c32b4,0
16103,c22s5,,nemesisj,reddit.com,"Just a nitpick - looks like that park is actually in China.  The rides look very much like those installed in old parks there, and all the ads for the site are in Chinese...",-9,-9,,1140446408,1473821438,_22qi,1
16137,c34ln,,[deleted],reddit.com,"In light of your doubt I might reduce my estimate, but less than one third of one percent seems extreme.  (For what it's worth, the 2000 US census recorded around 2.2 million people of Chinese ethnicity.  Not that they are all experts in Chinese geography, but it should be some indication of diversity in knowledge of China.)",1,1,,1142450058,1473822150,_c34j9,0
16806,c36i4,,Luc,reddit.com,"You don't hold Africa in very high esteem. You realize it is a big place, don't you? 
Besides, this project is aimed at the whole developing world - parts of South America, Asia, China...",11,11,,1142522971,1473822186,_c36eq,0
17034,c36qh,,vagif,reddit.com,"This is really scarry. 
If huge oil fields are only for 2 years US consumption, without even counting other fast growing countries (India, China)? then I'm afraid I'll see 3-rd World War in my time.
",3,3,,1142532490,1473822190,_c36gq,0
17244,c23zk,,lupin_sansei,reddit.com,"&gt; The truth is that we are no different than any other nation. Lets facet it, there isnâ€™t one war or foreign policy that America has gone into for the sake of another country or another person.

I'll have to pick you up here. America is by no means perfect, but there's significant differences between American freedoms and say China, Iran and North Korea. As for the wars, compared to Germany and Japan, America was clearly doing the right thing in helping to liberate Europe and Asia.",-4,-4,,1140564032,1473821460,_c23vt,0
17329,c248b,,lupin_sansei,reddit.com,"&gt; As for your ""China Iran etc. to worse than us"" argument, 
&gt; imagine it transposed in a common criminal context: ""I'll 
&gt; have to pick you up here, your honor. I'm by no mean perfect
&gt; as I have indeed raped and killed this woman, but 
&gt; ${SOMEFAMOUSRAPIST} raped and killed much more people, 
&gt; including children"". Not sure you'd convince a jury that  way.

Irrelevant. The OP made the claim that the US was no worse than other countries. That's clearly not true. Check what the UN and Amnesty have to say about human rights in China compared to the US.",-1,-1,,1140587011,1473821466,_c02469,0
17925,c25ck,,tghw,reddit.com,"I agree completely, people do have incentives to promote the languages they use, but that's not what this article is doing.  Just look at the title.

Consider spoken languages.  I may just use English and a little bit of Spanish because I live in New Mexico, but that doesn't mean I should go around saying ""French sucks!"" just because I don't like the way French words are pronounced, or saying ""Chinese sucks!"" because I don't understand what all those intricate symbols mean.  Each on has its uses and appropriate times to use it (like when in New Mexico, France or China).",2,2,,1140651515,1473821486,_c252q,0
18726,c39ah,,[deleted],reddit.com,"The response ""We're not alone - China and the Middle East do it too!"" isn't a very healthy way of thinking to get used to... and every time you point it out, it becomes a little better programmed into your mind. Whatever happened to the shining beacon of moral and political goodness America ought to be?",1,1,,1142713175,1473822237,_c2vhd,0
18777,c26p4,,wanax,reddit.com,The rulers of China once ordered the navy disbanded. Now they are clamping down on talking pigs. Both decisions were Looney Toons.,-2,-2,,1140725467,1473821512,_26p2,1
18978,c39pq,,genneth,reddit.com,"Too many people think they have the easy answers to social problems. This man talks of bringing down the Chinese government like the Soviet one -- blatantly ignoring how much the fracturing of the old Soviet bloc has effected the lives of ordinary people. To offhandedly claim that plunging 1.3 billion people's lives into uncertainty and subsistence-level existence is just wrong. I don't support the Chinese government in its policies or actions, but I also don't think that I would have much better ideas on how to proceed. China is still recovering from the ""revolution"" that the communists imposed on the country -- the current authority generation are the ones who were caught in that one, and they still remember the hardships and losses like it was yesterday. Revolution has never given the common man anything -- it merely satisfies the intellectuals' need to ""stick it to the man"".

Yes, China has a lot wrong, but there is probably no-one in the world who has any decent idea about how to change it. Shaking a snow globe hoping that it will settle into a prettier pattern is not the way to craft a society.",1,1,,1142757048,1473822245,_39oy,1
19369,c3a6s,,[deleted],reddit.com,"This might be news to some, but stuff like this is common all over the world, whether it be China, Afghanistan, Iran, Sudan, parts of South America, etc.

Its not like here in America where if you become a Christian your friends might just think differently of you. For many people across the world, converting to Christianity means that they will be excommunicated from their families or even be killed.

I'm not sure why this specific case is such a big deal other than the fact that you'd assume with a US-led government being set up, things like this wouldn't happen. Guess it just goes to show that the US isn't just destroying the cultures of the nations we have invaded.",0,0,,1142805729,1473822253,_3a4c,1
19944,c3bgg,,katypine,reddit.com,"I can't help but think that this article was reddited because we are supposed to be impressed by the oppressive and controlling nature of the Chinese government. Though if you read the article, the decision was made for orthographical reasons.

As has been amply pointed out in these comments, China is not the only country that does this. In fact, I live in a country (Norway) with an official list of names. And our child's name is not on that list. We get a lot of raised eyebrows and ""is that a name?"" from people we meet for the first time. It's actually not on anyone's ""list"" -- we named him after a programming language. :)

So, my point is, even if China's decision in this matter were oppressive and weirdly controlling, many other nations do this, too. And so do many *individuals*.",4,4,,1142886424,1473822277,_3a8a,1
20414,c3cad,,_kam0_,reddit.com,"There is a definite link between World Bank/IMF help/intervention and prosperity as well as the many factors others have identified here.  Botswana is a good example of an African nation doing relatively well.  The following is a quote from Joseph Stiglitz (former chief economist at the World Bank):
""There is one country in Africa that has grown at close to double digit rates for thirty years and that is Botswana. You might ask, what do Botswana and China have in common? The simple answer is neither of them have ever had an IMF programme!""

What has to be remembered is that IMF loans come with what appear to be well-intentioned conditions mostly around liberalising the economy, allowing FDI, privitization etc.  The mistake that's been made repeatedly is that this benefits corrupt governments and foreign corporations much more than the intended populace.  Free markets and economic liberalisation is a boon to developed nations but it cannot be thrust upon poorer ones.  They need more organic and steady growth.  All in all a hugely complex issue and one that continually divides economists and policy makers.",14,14,,1142934821,1473822292,_c3brw,0
21276,c2a53,,tayssir,reddit.com,"Unfortunately, my country (US) seems to have the [world's largest](http://www.csdp.org/research/r234.pdf) incarceration rate and prison population. (An exception may be China, because they have many undocumented prisoners; I hear that if you guess by doubling their official numbers, they may be on par or exceed us.)

So if we apply the standards to ourselves that we'd apply to any other nation, and observe that we disproportionately imprison certain racial minorities (as race correlates with wealth), there are reasonable conclusions we can draw.",4,4,,1141066286,1473821575,_c2a1s,0
23642,c3j2n,,charlesesl,reddit.com,From what all of the english Indian media I have read. There is plenty of optimism. Every other story involves India surpassing China or India becoming a major power.,1,1,,1143333895,1473822415,_3inz,1
23882,c3jvv,,charlesesl,reddit.com,I thought it was odd they said stats N Korea and China are untrust worthy because of communism then had Vietnam on second spot from the top.,0,0,,1143411863,1473822431,_c3jqa,0
23948,c3k2f,,akkartik,reddit.com,[China in Africa](http://www.metafilter.com/mefi/43273),0,0,,1143427566,1473822434,_c3k1w,0
23988,c3k57,,willis3000,reddit.com,"http://www.sasi.group.shef.ac.uk/worldmapper/display.php?selected=34

&gt;The largest total amount of rail freight carried is in the United States, Russian Federation and China.",1,1,,1143433719,1473822435,_c3jon,0
24129,c3knm,,alfryd,reddit.com,"
&gt;There is no population problem. Population growth is the result of the plunging death rate and increasing life expectancy worldwide. That is progress.

Unless birth rates drop further, unsustainable progress.

&gt;The growth in human population has been more than met by increases in the production of food and other resources, including energy. Famine in the 20th century is a political rather than an ecological phenomenon. We are not running out of resources, and real prices of raw materials are lower than ever before. Only the price of labor consistently rises. Population growth and economic growth are compatible: Between 1776 and 1975, while the world's population increased sixfold, real gross world product rose about 80-fold. People are net resource producers.

People and technology magnify the economic value of raw materials or use resources available to them to provide further services.  These raw materials, however, are physically limited.  Current estimates state maximum populations of about 10-15 billion, if every inch of arable land were seeded with the best available GM crops.  However, if we wish to preserve such luxuries as global biodiversity and occasional animal protein, much of this land will need to be reserved for other purposes.  The time to address these problems is now, not in 40-60 years' time when such limits may be reached.

Poor nations have many difficulties, among them trade restrictions by richer nations and predatory financial arrangements that lead to corrupt, thuggish regimes that impoverish their people (and thereby eliminate any competitive threat they might pose to industrialised nations.)  It is certainly the case that improved economic welfare leads to a drop in fertility, but many poor nations have immediate and pressing problems meeting their people's basic physical needs, due to a harsh climate, limited technology or both.  In addition, 'Market Liberalism' is often a smokescreen for the introduction of large-scale corporate cronyism that chiefly benefits first-world industrial magnates and often results in gross human rights violations.  Nike springs to mind.

There were, indeed, terrible adverse side-effects to population restrictions in China and India.  And while it is true that economic prosperity should be the most efficient means to address population growth, many couples in developing countries insist on large families as a means of economic insurance against old age and child mortality- and what is rational for the individuals in such a case is irrational for the society at large.  This is *exactly* what government exists to address.  Many social ills are the result of self-reinforcing chains of factors that cannot be tackled by addressing any link in isolation, be it trade barriers or cultural attitudes.

&gt;The late Roger Revelle of Harvard University (whom Gore claims as a mentor) estimated that Africa, Asia, and Latin America alone, simply by using water more efficiently, could feed 35 to 40 billion people..

http://dieoff.org/page99.htm

""A few years ago, for example, a group of Catholic bishops, misinterpreting a thought exercise by Roger Revelle (1976), asserted that Earth could feed 40 billion people (Anonymous, 1988); various social scientists have made estimates running as high as 150 billion (Livi-Bacci, 1989). These assertions are based on preposterous assumptions, and we do not deal further with them here.""

&gt;""More population means more creators and producers, both of goods along established production patterns and of new knowledge and inventions.""

Current knowledge and inventions are more than adequate to address the problems of developing nations, but they lack the resources to take advantage of these.

&gt;Actually, natural resources do not exist at all. All resources are manmade.

Until we can defy the law of conservation of matter and energy, their supply remains limited.

&gt;Doubters need only study the quality of life on the pre-Columbian North American continent, when several million Indians barely scratched out their subsistence amid the same ""natural resources"" that today enrich the lives of billions of people worldwide.

That woudl explain why skeletal remains of many Amerind tribes indicate a precipitous drop in living standards after European colonisation.  For the survivors, that is.  But this is another topic.",4,4,,1143472370,1473822444,_3kdx,1
24270,c3kxv,,predditor,reddit.com,"*We need many billions of Swiss francs (dollars) to take on China or Russia.*

I love the ""dollars"" in parantheses. :) How about ""We need many billions of Swiss francs (many 0.78 billions of dollars)""",1,1,,1143485742,1473822450,_3jw9,1
24513,c3lsi,,treenyc,reddit.com,"Psychological studies have shown, western children derives more motivation from things that came intrinsically (by themselve), while Asian children drives more pleasure and motivation performing task that were dictated or approved by authority figures.

I don't think this is creepy at all. I have good understanding of both culture, since I grew up in communist china and the States.  To able to perform at even like that for the Chairman of the country was surly an honor. Think of it like making to the final match in a football game here States.  Reversly, back then in China my classmates and I couldn't believe the brutally the player would endures in an American football game. That was often advertised as an inhumane barbarian-like ritual of a capitalistic country. This just goes to show how intolerant and misunderstood we all are when we have no full understanding of other culture.  For the worlds to fully understand each other, we should educate the future generation in no less than 2 countries.
",17,17,,1143520118,1473822466,_c3ln0,0
24753,c3mnl,,bloub,reddit.com,"Even if different value systems can partially explain some of the tension, it cannot explain 9/11 and the like.
China has values just as different from Islamists, so does Brazil, and most of non-islamist countries. And yet, fundamentalist islamists don't target those countries. Don't you think there can be another explanation here? Like US actions in Middle East?",1,1,,1143566632,1473822480,_c3mhz,0
24794,c3msi,,nir,reddit.com,"You're right - AFAIK China &amp; Brazil (and also Trinidad &amp; Tobago, btw) didn't have any problems with Islam so far. 

Maybe tommorow a Brazilian newspaper will publish some cartoons of Mohammed and this will change.

Or we could all be really nice and quiet from now on, so we won't upset the fundamentalists. Make sure to tell Rushdie, too.

You know, it's always odd: I'm totally atheist, pro-choice and against teaching Creationism. I guess most people here are with me on these issues. Yet, if I refuse to live by the rules of *Muslim* fundamentalists I'm suddenly modded below 0 on hello. What gives?",-2,-2,,1143571316,1473822483,_c3mnl,0
26146,c3qfu,,[deleted],reddit.com,"I agree that Chomsky and Coulter are very different cases. Coulter regularly calls for the death of liberals, called for the US to invade Arab nations and convert them to Christians, and other things which are beyond the pale.

The things that I do not like about Chomsky are: 

1) He is constantly puffed up as a great intellectual, but never submits any articles to peer-reviewed journals. I admit that while I am a polyglot, and am not a serious linguist, in my time working with linguistics I have found his work receives more adulation that seems appropriate. While he has had significant influence, especially in the U.S., his importance in linguistics gets puffed up because of his other political writings, and he engages in far too much self adulation - all this irritates me, but it is not enough to justify hating him. 

2) His rhetoric is incredibly grating after a while. His criticisms of US foreign policy while sometimes well founded, often verge on hysterics, and get extremely tedious after a few books. His repeat assertions that the US is at its root Fascist or Nazi, and that the US needs to go through 'denazification,' and his repeated comparison of the U.S. policy to that of Nazi Germany are rhetorically repulsive. On another rhetorically repulsive note, in the same way that he blathers on about his own self importance in his linguistic writings, he does the same in his political works. 

3) While I did have some reservations about the invasion of Afghanistan, they were focused on a concern that we would not follow through with rebuilding, and a concern that we might not adequately push for ensuring that human rights were respected by the new regime. I did not want to see the Taliban left unabated. Chomsky not only opposed any form of military action, but claimed that the US would starve millions of Afghanis, and would essentially engage in a form of genocide. 

4) Chomsky actually sided with the Republicans in criticizing the NATO intervention in Kosovo to stop the genocide occurring there. 

5) He has in the past defended Pol Pot, Maoist China, and other regimes that I find reprehensible. 

6) Chomsky has been repeatedly incredibly intellectually dishonest in his political writings when it served him. One example is in writing about UN ambassador Daniel Moynahan. He was no angel, but Chomsky selectively misquoted him, and attributed false quotes to him to make him appear to be someone who delighted in Nazi tactics.

This is an incomplete list, but these taken together along with other concerns (I run into egregious stuff when I read his works, but I explicitly try to avoid him as much as possible now) are why I hate him.  He, like Michael Moore, serves the left poorly.
",7,7,,1143783254,1473822550,_c3qds,0
26561,c3rdf,,[deleted],reddit.com,"Silly language with little structure reuse. I much prefer English's 26 letters to Mandarin's thousands. Mandarin is so complicated that Chinese children don't begin to read fluently until several years after their European counterparts. 

Not only that, but China has had a closed, centrally controlled culture for most of its history providing little literary reward for the effort spent learning it.

I expect we'll be forced to learn Mandarin because of sheer demographics and purchasing power, wasting millions of man-years worth of effort in the process. Be ready to type a handful of key-strokes to enter each character into a computer, or else a thousand-key keyboard.",5,5,,1143839710,1473822567,_3r5g,1
26570,c3rdz,,Random,reddit.com,"Hmmm. Where to start.

First of all, written Chinese has very little to do with spoken Chinese. Mandarin is a spoken language. The written 'equivalent' does indeed have thousands of characters and a rich history (see, for example, the excellent 'Swallowing Clouds' by A. Zee for some of the history intertwined with cooking tidbits) but the spoken language is quite different.

When travelling in China last year we noticed there were significant differences in speaking patterns and word use between Beijing and, for example, Kunming in Sechuan. Mandarin is an 'attempt' at a universal chinese spoken language but it has only been partially succesful - much like there were very different versions of English until the mass media began wiping Cockney and Franglais and... off the map. 

Learning to speak the language is very very hard since the phonemes are quite different. However, you could learn to write it without speaking a word, since they are not phonetic / symbolic equivalents like English or most IndoEuropean languages are. Learning to write it is apparently even harder (my kids and wife learned it, I gave up) because as you say of the thousands of characters with highly specific contextual semantics.

The article was talking largely about the spoken language; you could learn to speak it and use the Pinyin phoneticized language or a variant to type it without using traditional characters.

",5,5,,1143841320,1473822567,_c3rdf,0
3963,c2pt6,,sudoman,reddit.com,"It is true that the two systems are still interoperable as english characters can still contact their domains; I also feel there is little reason for concern about the future. If china someday wished to cut themselves off from the world, then that would be their own decision and there would be little we could do to prevent it anyhow. In all likely-hood, this is not their motive and therefore, the hype is actually quite misleading.",0,0,,1141481025,1473821877,_c2psw,0
5081,c2r77,,dextroz,reddit.com,this article loses its credibility as soon as it defined india a 'rogue' state.  the responsibilty here with india is that it 'developed' it's own nuclear technology through research.  not 'buying' it out from other countries like pakistan - that would be rogue in my definition.  indians are well established in fields of science/math/literature/arts/'tolerance' and most important democratic leadership.  not even china/pakistan can claims all those.,-2,-2,,1141591139,1473821903,_2r3j,1
9405,c6416,,isaacharley,reddit.com,"I gave this one points (because I find the subject very interesting and think others should think about it as well), but I think the author, and perhaps the professor interviewed paint an incomplete picture of the challenges of learning Chinese. 

First, it is *very* important to note that ""Chinese"" is at best an incomplete definition of the languages currently spoken in the people's republic of china and by the diaspora of Han Chinese around the world. Even the separation into Mandarin (Putonghua) and Cantonese (Guangdonghua) doesn't do justice to the variety of spoken Chinese throughout China. 
Whereas Mandarin is the official language of China, based largely on the local language in Beijing, the capitol, Cantonese is spoken in Hong Kong and Guangdong province and traditionally has been the language of the Chinese diaspora, due to the importance of the South-east of China in international trade. That said, there are many different local variants of Chinese, which when spoken are mutually unintelligible. Useful comparisons to the structure of the Chinese languages can be drawn from the relation of the Romance languages (Italian, French, Spanish, Portuguese, Romanian, Occitan, etc.) to Latin. [All of these languages share some degree of mutual intelligibility] Another is the case of Arabic, where there are many varieties of spoken Arabic (Iraqi, Morrocan, Egyptian, Syrian, etc.) and literary Arabic, which is common throughout, based on the qur'anic version of Arabic. 

That said, Chinese, like any language is very easy for children to learn how to speak. It is, nonetheless, a difficult writing system to master, even for chinese-born native speakers. [http://books.google.com/books?vid=ISBN0824810686] 
For adult foreigners, however, it poses a bit more of a challenge. 
The article points out that writing and tonality are the two main hurdles to overcome. 
I generally agree, however, there are a number of phonemes ( sounds) which simply do not occur in English (insert your local language here), which to occur in Chinese. These pose a challenge as well. 
Tonality is either a huge problem (my father is tone-deaf;I don't believe he could ever become fluent in Chinese) or just takes a lot of discipline/practice (remembering the mapping between sound/tone combinations and meaning; Fortunately context, aids in this process)
The writing system is not so bad, though it requires *a lot* of practice to maintain one's skill. To my surprise, I find it is more similar to Western writing systems, than I ever would have suspected. (In the process of this discovery, I feel I have learned very much about the relation between written and spoken language)
Finally, I find the comment by Dr. Weightman on Grammar at the end particularly misleading. Chinese grammar seems transparent to English speakers, particularly those who have studied a language where modifiers are tacked on to the end of words, to modify tense, declension, etc. (read: Finnish) This is due to the lack of inflection in Chinese - that is changes in word order lead to changes in meaning.

I am not too far along in my study of Chinese language, but I find the difficulty is often over-sold. (except to the tone-deaf, who should never try to learn tonal languages) That's not to say that it is a piece of cake. There are some mental hurdles - tonality, bizzare sounds, a different writing paradigm, and an unfamiliar approach to grammar. Once those are managable at a basic level, I find that dilligence and practice are all that are required.

PS IANALing (I am not a linguist)",12,12,,1137513408,1473824134,_27687,1
9724,c103g,,fnot,reddit.com,"When Leno asks some college students where Italy is, and the reply is ""Uh, is that the country next to Europe?"", you might argue that knowing Italy to lie *in* Europe would be minimum amount of knowledge among college students.

But hey, I'm neither american or live in the US, but north America is a HUGE place. So it's understandable that you know less about the rest of the world when you have so much domestically.

Americans aren't stupid, they just tend to be like a bull in a china shop sometimes...",4,4,,1138132136,1473820781,_czyt,0
10824,c1e97,,[deleted],reddit.com,"Agreed.

Robert Hooke is clearly one of the most under-estimated characters of this period and probably the first who deserves to be called a real 'scientist'. No doubt that this to a large extent the consequence of Newton's machinations after Hooke's death. (You will also want to read about what N. did to John Flamsteed).",7,7,,1139568363,1473821021,_c1dpo,0
19475,c27pl,,dextroz,reddit.com,"made only partly uselful because you did not speak of the average household bandwidth and latency disparities - if any between the two countries.

in india i can tell you that the average household bandwidth is 64kbps/64kbps on paper.  efficiency provides only 75% of the rated speeds.  latency is close to .5 to 1 second against servers outside india. all broadband connections rated at 64kbps have between 750MB to 1GB monthly download cap.  hence the net is almost impractical from both cost and operations point of view.

i wonder what it is like in china?",0,0,,1140802052,1473821530,_27em,1
23376,c3i36,,rhebert,reddit.com,"There's some scientific disagreement about this.  On the other side of the fence, William Dement is a sleep researcher at Stanford (unaffiliated, as far as I know, to any particular pharmaceutical companies) who's done some pretty interesting work on sleep deprivation and ""sleep debt"" - he's done studies where participants sleep as much as they can for two weeks, and supposedly they both feel much better and perform better at mental tasks afterwards.  He also makes the claim that accumulated sleep deprivation results in such an impaired state that drowsy drivers are as dangerous as drunk drivers.  

This is not, of course, to say that there aren't people who can function perfectly well on very little sleep - people are a pretty diverse bunch.  But there's probably more to the issue than the machinations of drug companies.",6,6,,1143238730,1473822398,_3hm2,1
23819,c3jon,,yonda,reddit.com,Maybe it means china uses rivers for container transportation where other countries use railroads and trucks.,1,1,,1143400193,1473822427,_c3j9o,0
24513,c3lsi,,treenyc,reddit.com,"Psychological studies have shown, western children derives more motivation from things that came intrinsically (by themselve), while Asian children drives more pleasure and motivation performing task that were dictated or approved by authority figures.

I don't think this is creepy at all. I have good understanding of both culture, since I grew up in communist china and the States.  To able to perform at even like that for the Chairman of the country was surly an honor. Think of it like making to the final match in a football game here States.  Reversly, back then in China my classmates and I couldn't believe the brutally the player would endures in an American football game. That was often advertised as an inhumane barbarian-like ritual of a capitalistic country. This just goes to show how intolerant and misunderstood we all are when we have no full understanding of other culture.  For the worlds to fully understand each other, we should educate the future generation in no less than 2 countries.
",17,17,,1143520118,1473822466,_c3ln0,0
