id,reddit_id,author,title,author_flair_text,subreddit,selftext,permalink,domain,url,score,ups,downs,created_utc,retrieved_on,is_self,over_18,spoiler,stickied,num_crossposts
66,2jb5,jawahar,China adds top-level domain names,,reddit.com,,/r/reddit.com/comments/2jb5/china_adds_toplevel_domain_names/,english.people.com.cn,http://english.people.com.cn/200602/28/eng20060228_246712.html,0,,,1141189611,,0,0,0,0,0
243,ss8,geebee,China's growing focus on Africa,,reddit.com,,/r/reddit.com/comments/ss8/chinas_growing_focus_on_africa/,news.bbc.co.uk,http://news.bbc.co.uk/1/hi/world/africa/4619956.stm,2,,,1137576820,,0,0,0,0,0
349,tad,wanax,Memoirs of a Geisha may be banned in China,,reddit.com,,/r/reddit.com/comments/tad/memoirs_of_a_geisha_may_be_banned_in_china/,bitsofnews.com,http://bitsofnews.com/modules.php?name=News&amp;file=article&amp;sid=3299,0,,,1137591407,,0,0,0,0,0
667,uiu,chinaman,China Internet Users Now 111 Million,,reddit.com,,/r/reddit.com/comments/uiu/china_internet_users_now_111_million/,chinasnippets.com,http://www.chinasnippets.com/2006/01/18/china-internet-user-statistics-growth-slowing/,11,,,1137635699,,0,0,0,0,0
760,166q,kn0thing,Jon Stewart on Google in China &amp; how Oprah demands accountability vs. how the media does it [vid],,reddit.com,,/r/reddit.com/comments/166q/jon_stewart_on_google_in_china_how_oprah_demands/,onegoodmove.org,http://onegoodmove.org/1gm/1gmarchive/002813.html#002813,109,,,1138752804,,0,0,0,0,0
909,16cg,jawahar,"India, China new competitors for US",,reddit.com,,/r/reddit.com/comments/16cg/india_china_new_competitors_for_us/,in.rediff.com,http://in.rediff.com/money/2006/feb/01us.htm,0,,,1138768893,,0,0,0,0,0
988,16er,lizthefair,Microsoft changes China policy,,reddit.com,,/r/reddit.com/comments/16er/microsoft_changes_china_policy/,theregister.co.uk,http://www.theregister.co.uk/2006/02/01/ms_wants_common_policy/,1,,,1138779780,,0,0,0,0,0
1108,16h8,moo_oose,Yahoo’s responsibility towards human rights: free Shi Tao from prison in China!,,reddit.com,,/r/reddit.com/comments/16h8/yahoos_responsibility_towards_human_rights_free/,web.amnesty.org,http://web.amnesty.org/pages/chn-310106-action-eng,0,,,1138787714,,0,0,0,0,0
1744,174x,kelyse,"China Bans ""Memoirs of a Geisha""",,reddit.com,,/r/reddit.com/comments/174x/china_bans_memoirs_of_a_geisha/,nzherald.co.nz,http://www.nzherald.co.nz/section/story.cfm?c_id=2&amp;ObjectID=10366539,0,,,1138842779,,0,0,0,0,0
1841,179o,nyc2,China Cancels Release of ‘Geisha’,,reddit.com,,/r/reddit.com/comments/179o/china_cancels_release_of_geisha/,thefuturum.com,http://thefuturum.com/blog/?p=416,0,,,1138858305,,0,0,0,0,0
1843,179p,nyc2,China Cancels Release of ‘Geisha’,,nsfw,,/r/nsfw/comments/179p/china_cancels_release_of_geisha/,thefuturum.com,http://thefuturum.com/blog/?p=416,0,,,1138858357,,0,1,0,0,0
2526,2of0,chinaman,Chinese Business Scams | China Fever,,reddit.com,,/r/reddit.com/comments/2of0/chinese_business_scams_china_fever/,chinasnippets.com,http://www.chinasnippets.com/2006/03/03/chinese-business-scams-china-fever/,0,,,1141382839,,0,0,0,0,0
2571,wym,rams,"China, Still Winning Against the Web",,reddit.com,,/r/reddit.com/comments/wym/china_still_winning_against_the_web/,nytimes.com,http://www.nytimes.com/2006/01/15/weekinreview/15zeller.html,0,,,1137811933,,0,0,0,0,0
3161,xww,jast,"China to build world's first ""artificial sun"" experimental device",,reddit.com,,/r/reddit.com/comments/xww/china_to_build_worlds_first_artificial_sun/,english.people.com.cn,http://english.people.com.cn/200601/21/eng20060121_237208.html,45,,,1137929192,,0,0,0,0,0
3430,2pht,spkelley,China Attributes Vice Premier's Absence to Unidentified Illness,,reddit.com,,/r/reddit.com/comments/2pht/china_attributes_vice_premiers_absence_to/,agonist.org,http://agonist.org/20060303/china_attributes_vice_premiers_absence_to_unidentified_illness,0,,,1141449411,,0,0,0,0,0
3507,2pks,spkelley,China Creates Own Internet Domains,,reddit.com,,/r/reddit.com/comments/2pks/china_creates_own_internet_domains/,agonist.org,http://agonist.org/20060303/china_creates_own_internet_domains,0,,,1141454958,,0,0,0,0,0
3580,2pms,joaquin,China to Launch Alternate Internet,,reddit.com,,/r/reddit.com/comments/2pms/china_to_launch_alternate_internet/,impactlab.com,http://www.impactlab.com/modules.php?name=News&amp;file=article&amp;sid=7491,21,,,1141461481,,0,0,0,0,0
3627,18sf,netpioneer,Google.cn blocked by China's government,,reddit.com,,/r/reddit.com/comments/18sf/googlecn_blocked_by_chinas_government/,spamdailynews.com,http://www.spamdailynews.com/publish/Google_cn_blocked_by_China_s_government.asp,0,,,1139005800,,0,0,0,0,0
3638,yef,elavalliere,CBC Television - China Rises,,reddit.com,,/r/reddit.com/comments/yef/cbc_television_china_rises/,cbc.ca,http://www.cbc.ca/chinarises/intro/,0,,,1137980575,,0,0,0,0,0
3656,18tj,intiendes,Business Ethics: Internet Censorship by US Companies in China,,reddit.com,,/r/reddit.com/comments/18tj/business_ethics_internet_censorship_by_us/,ceo-ethics.info,http://www.ceo-ethics.info/?p=107,0,,,1139009066,,0,0,0,0,0
4077,ysv,enjahova,Chinese Couch Potatoes (VC funded podcasting in China),,reddit.com,,/r/reddit.com/comments/ysv/chinese_couch_potatoes_vc_funded_podcasting_in/,businessweek.com,http://www.businessweek.com/bwdaily/dnflash/jan2006/nf20060123_9739_db008.htm?campaign_id=rss_daily,0,,,1138028598,,0,0,0,0,0
4151,2pvo,wanax,The price of noodles in China: A parable of inflation and deflation,,reddit.com,,/r/reddit.com/comments/2pvo/the_price_of_noodles_in_china_a_parable_of/,bitsofnews.com,http://bitsofnews.com/modules.php?name=News&amp;file=article&amp;sid=3429,0,,,1141485827,,0,0,0,0,0
4154,2pvy,vijitnair,Testimony to the U.S.-China Economic and Security Review Commission,,reddit.com,,/r/reddit.com/comments/2pvy/testimony_to_the_uschina_economic_and_security/,columbia.edu,http://www.columbia.edu/~ap2231/Policy%20Papers/US_China%20Trade%20Commission.pdf,0,,,1141486271,,0,0,0,0,0
4159,2pwg,vijitnair,US India and China,,reddit.com,,/r/reddit.com/comments/2pwg/us_india_and_china/,indianeconomy.org,http://indianeconomy.org/2005/11/22/china-v-india-some-random-numbers/,9,,,1141487215,,0,0,0,0,0
4183,19oe,soshdin,Search Engine Diplomacy - How tech companies should do business in China.,,reddit.com,,/r/reddit.com/comments/19oe/search_engine_diplomacy_how_tech_companies_should/,slate.com,http://www.slate.com/id/2135104/?nav=navoa,0,,,1139135513,,0,0,0,0,0
4241,19qw,ceros,"Videos: Wuyishan, China + A 4-year-old kid making Chinese Tea + Bollywood film dubbed in MANDARIN?",,reddit.com,,/r/reddit.com/comments/19qw/videos_wuyishan_china_a_4yearold_kid_making/,swiftywriting.blogspot.com,http://swiftywriting.blogspot.com/2006/02/swifty-posts-videos-of-china-vacation.html,1,,,1139144327,,0,0,0,0,0
4468,1a1n,wbear,China Leaps Forward -- and Races Ahead -- in Safe Nuclear Power,,reddit.com,,/r/reddit.com/comments/1a1n/china_leaps_forward_and_races_ahead_in_safe/,msnbc.msn.com,http://www.msnbc.msn.com/id/11080908/site/newsweek/,3,,,1139174137,,0,0,0,0,0
4870,za3,lupin_sansei,Ancient paintings suggest China invented skiing,,reddit.com,,/r/reddit.com/comments/za3/ancient_paintings_suggest_china_invented_skiing/,abc.net.au,http://www.abc.net.au/news/newsitems/200601/s1553669.htm,0,,,1138071541,,0,0,0,0,0
5469,107p,VinNorris,Google to launch censored China service,,reddit.com,,/r/reddit.com/comments/107p/google_to_launch_censored_china_service/,news.ft.com,http://news.ft.com/cms/s/0cf3fc52-8d0b-11da-9daf-0000779e2340.html,0,,,1138141395,,0,0,0,0,0
5490,109f,AndWat,Backlash as Google shores up great firewall of China,,reddit.com,,/r/reddit.com/comments/109f/backlash_as_google_shores_up_great_firewall_of/,technology.guardian.co.uk,"http://technology.guardian.co.uk/news/story/0,,1694294,00.html",9,,,1138146094,,0,0,0,0,0
5536,10ap,akellymi,"When we said ""don't be evil"", China didn't count, right?",,reddit.com,,/r/reddit.com/comments/10ap/when_we_said_dont_be_evil_china_didnt_count_right/,news.yahoo.com,http://news.yahoo.com/s/ap/20060125/ap_on_hi_te/google_china,11,,,1138149142,,0,0,0,0,0
5578,10ei,kman,Google censors itself for China,,reddit.com,,/r/reddit.com/comments/10ei/google_censors_itself_for_china/,news.bbc.co.uk,http://news.bbc.co.uk/2/hi/technology/4645596.stm,5,,,1138156372,,0,0,0,0,0
5658,10ig,geebee,Will China consume the world?,,reddit.com,,/r/reddit.com/comments/10ig/will_china_consume_the_world/,guardian.co.uk,"http://www.guardian.co.uk/china/story/0,,1694346,00.html",13,,,1138169894,,0,0,0,0,0
5682,2rn9,vietual,China plans 15% increase in military spending,,vi,,/r/vi/comments/2rn9/china_plans_15_increase_in_military_spending/,online.wsj.com,http://online.wsj.com/article_print/SB114159867586689831.html,1,,,1141621748,,0,0,0,0,0
5723,10kn,lambda,Google Agrees to Censor Results in China,,reddit.com,,/r/reddit.com/comments/10kn/google_agrees_to_censor_results_in_china/,customwire.ap.org,http://customwire.ap.org/dynamic/stories/G/GOOGLE_CHINA?SITE=SCCOL&amp;SECTION=HOME&amp;TEMPLATE=DEFAULT&amp;CTIME=2006-01-24-19-34-30,0,,,1138180190,,0,0,0,0,0
5759,2rrc,gst,Gewalt gegen Chinas Bauern. Das Elend unter dem Pflug,,de,,/r/de/comments/2rrc/gewalt_gegen_chinas_bauern_das_elend_unter_dem/,tagesschau.de,"http://www.tagesschau.de/aktuell/meldungen/0,,OID5299510,00.html",1,,,1141630657,,0,0,0,0,0
5944,10o6,blueluxe,China's Google Search Engine to Be Censored,,reddit.com,,/r/reddit.com/comments/10o6/chinas_google_search_engine_to_be_censored/,foxnews.com,"http://www.foxnews.com/story/0,2933,182695,00.html",0,,,1138190268,,0,0,0,0,0
6280,10ux,[deleted],Those ancient Chinese painters weren't lying: Agricultural photography of Guilin and southwest China,,reddit.com,,/r/reddit.com/comments/10ux/those_ancient_chinese_painters_werent_lying/,www-users.york.ac.uk,http://www-users.york.ac.uk/~fj102/photo/beautiful%20china.htm,520,,,1138202198,,0,0,0,0,0
6677,1bs2,eglobe1,China is Intellectual Property Thieves!!,,reddit.com,,/r/reddit.com/comments/1bs2/china_is_intellectual_property_thieves/,eglobe1.com,http://www.eglobe1.com/index.php/2006/02/08/china-is-intellectual-property-thieves/,0,,,1139330891,,0,0,0,0,0
6734,114v,lgv,Schmidt's Google To Censor Searches In China - Forbes.com,,reddit.com,,/r/reddit.com/comments/114v/schmidts_google_to_censor_searches_in_china/,forbes.com,http://www.forbes.com/2006/01/25/google-china-beta-cx_po_0125autofacescan02.html,1,,,1138221914,,0,0,0,0,0
6738,114w,lgv,Google move 'black day' for China,,reddit.com,,/r/reddit.com/comments/114w/google_move_black_day_for_china/,news.bbc.co.uk,http://news.bbc.co.uk/2/hi/technology/4647398.stm,0,,,1138222093,,0,0,0,0,0
6864,2t36,thiver,China will be biggest world economy before 2015,,reddit.com,,/r/reddit.com/comments/2t36/china_will_be_biggest_world_economy_before_2015/,thiver.wordpress.com,http://thiver.wordpress.com/2006/03/07/china-will-probably-be-biggest-world-economy-before-2015/,0,,,1141729662,,0,0,0,0,0
7350,11pr,naum,"India, China, and the Asian axis of oil",,reddit.com,,/r/reddit.com/comments/11pr/india_china_and_the_asian_axis_of_oil/,zmag.org,http://www.zmag.org/content/showarticle.cfm?SectionID=44&amp;ItemID=9594,0,,,1138277672,,0,0,0,0,0
7355,2tq0,scylla,"China's Underpopulation Crisis - India has one, too.",,reddit.com,,/r/reddit.com/comments/2tq0/chinas_underpopulation_crisis_india_has_one_too/,slate.com,http://www.slate.com/id/2137680/,14,,,1141765105,,0,0,0,0,0
7384,2trr,mppc2006,"""China.  We're not India.""",,reddit.com,,/r/reddit.com/comments/2trr/china_were_not_india/,alwayson-network.com,http://www.alwayson-network.com/comments.php?id=13960_0_11_0_C,2,,,1141767157,,0,0,0,0,0
7389,11rl,alecb,"German President Davos: China, India key to future",,reddit.com,,/r/reddit.com/comments/11rl/german_president_davos_china_india_key_to_future/,cnn.com,http://www.cnn.com/2006/WORLD/europe/01/25/davos.china.india.ap/index.html,0,,,1138281240,,0,0,0,0,0
7413,11sp,hartshorne,FT.com: Google’s beautiful China paradox,,reddit.com,,/r/reddit.com/comments/11sp/ftcom_googles_beautiful_china_paradox/,news.ft.com,http://news.ft.com/cms/s/b89f3cd0-8dd6-11da-8fda-0000779e2340.html,1,,,1138282740,,0,0,0,0,0
7712,2u9m,jawahar,China pledges help for rural poor,,reddit.com,,/r/reddit.com/comments/2u9m/china_pledges_help_for_rural_poor/,news.bbc.co.uk,http://news.bbc.co.uk/2/hi/asia-pacific/4775350.stm,0,,,1141801191,,0,0,0,0,0
7753,126p,gabe0505,Internet censorship in China - how does it work?,,reddit.com,,/r/reddit.com/comments/126p/internet_censorship_in_china_how_does_it_work/,answers.google.com,http://answers.google.com/answers/threadview?id=437781,2,,,1138307442,,0,0,0,0,0
7811,2uaq,jawahar,How China is Ruled,,reddit.com,,/r/reddit.com/comments/2uaq/how_china_is_ruled/,news.bbc.co.uk,http://news.bbc.co.uk/2/shared/spl/hi/asia_pac/02/china_party_congress/china_ruling_party/how_china_is_ruled/html/defaulta.stm,0,,,1141803368,,0,0,0,0,0
8010,12ha,lupin_sansei,Sergey Brin explains Google's China Position,,reddit.com,,/r/reddit.com/comments/12ha/sergey_brin_explains_googles_china_position/,today.reuters.co.uk,http://today.reuters.co.uk/News/NewsArticle.aspx?type=internetNews&amp;storyID=2006-01-25T200001Z_01_N25313145_RTRIDST_0_OUKIN-UK-GOOGLE-BRIN-INTERVIEW.XML,0,,,1138339138,,0,0,0,0,0
8112,1dce,mrp,Oldest Tyrannosaur fossil found in China - Breaking News - World - Breaking News,,reddit.com,,/r/reddit.com/comments/1dce/oldest_tyrannosaur_fossil_found_in_china_breaking/,theage.com.au,http://www.theage.com.au/news/World/Oldest-Tyrannosaur-fossil-found-in-China/2006/02/09/1139379616485.html,2,,,1139463968,,0,0,0,0,0
8234,1dgj,chewie,Earliest Known Ancestor to Tyrannosaurus Rex Discovered in China,,reddit.com,,/r/reddit.com/comments/1dgj/earliest_known_ancestor_to_tyrannosaurus_rex/,english.chosun.com,http://english.chosun.com/w21data/html/news/200602/200602090005.html,7,,,1139481369,,0,0,0,0,0
8236,12oq,[deleted],Why Google in China makes sense,,reddit.com,,/r/reddit.com/comments/12oq/why_google_in_china_makes_sense/,news.bbc.co.uk,http://news.bbc.co.uk/1/hi/technology/4654014.stm,0,,,1138362329,,0,0,0,0,0
8402,2ury,[deleted],"Bush in Iran, Nixon in China?",,reddit.com,,/r/reddit.com/comments/2ury/bush_in_iran_nixon_in_china/,slate.com,http://www.slate.com/id/2137560/,0,,,1141838613,,0,0,0,0,0
8577,133y,AaronSw,Republican economic policy: an expansion of government jobs financed by loans from China,,reddit.com,,/r/reddit.com/comments/133y/republican_economic_policy_an_expansion_of/,maxspeak.org,http://maxspeak.org/mt/archives/001939.html,0,,,1138390511,,0,0,0,0,0
8808,13h7,jamesiford,regarding the China deal,,reddit.com,,/r/reddit.com/comments/13h7/regarding_the_china_deal/,boundlesswayzen.org,http://www.boundlesswayzen.org,0,,,1138450976,,0,0,0,0,0
9328,2vju,jawahar,China reports 10th bird flu death,,reddit.com,,/r/reddit.com/comments/2vju/china_reports_10th_bird_flu_death/,news.bbc.co.uk,http://news.bbc.co.uk/2/hi/asia-pacific/4784756.stm,0,,,1141891097,,0,0,0,0,0
9555,13uy,mnemonicsloth,Social Unrest on the Rise in China,,reddit.com,,/r/reddit.com/comments/13uy/social_unrest_on_the_rise_in_china/,news.bbc.co.uk,http://news.bbc.co.uk/2/hi/asia-pacific/4627602.stm,0,,,1138504427,,0,0,0,0,0
9601,13x1,[deleted],Satirical Suggestions for New Google Logos (re: China launch),,reddit.com,[deleted],/r/reddit.com/comments/13x1/satirical_suggestions_for_new_google_logos_re/,discardedlies.com,http://discardedlies.com/entry/?11611_google_photoshops_at_michelle_malkin,0,,,1138519959,,0,0,0,0,0
9705,13zw,blakie,Why Google made the right choice in China,,reddit.com,,/r/reddit.com/comments/13zw/why_google_made_the_right_choice_in_china/,calacanis.com,http://www.calacanis.com/2006/01/28/why-google-made-the-right-choice-in-china/,0,,,1138538789,,0,0,0,0,0
9711,2vv4,mppc2006,China: A Harmonious Society or Ready for a Revolt?,,reddit.com,,/r/reddit.com/comments/2vv4/china_a_harmonious_society_or_ready_for_a_revolt/,alwayson-network.com,http://www.alwayson-network.com/comments.php?id=14245_0_11_0_C,0,,,1141920582,,0,0,0,0,0
9998,14fx,profgoose,A Mindblowing Plot of World Cement Use...China Wins! (The Oil Drum),,reddit.com,,/r/reddit.com/comments/14fx/a_mindblowing_plot_of_world_cement_usechina_wins/,theoildrum.com,http://www.theoildrum.com/story/2006/1/29/23825/7257,65,,,1138595221,,0,0,0,0,0
10188,1nx6,vijitnair,China's Strategy of Containing India,,reddit.com,,/r/reddit.com/comments/1nx6/chinas_strategy_of_containing_india/,pinr.com,http://www.pinr.com/report.php?ac=view_report&amp;report_id=434&amp;language_id=1,23,,,1139698891,,0,0,0,0,0
10588,1x2f,kokon,Internet firms under fire over China,,reddit.com,,/r/reddit.com/comments/1x2f/internet_firms_under_fire_over_china/,money.cnn.com,http://money.cnn.com/2006/02/10/news/international/china_internet.reut/index.htm,0,,,1139759671,,0,0,0,0,0
10730,1x6z,gutter,"Hacktivists parody Google logo for protest, China human rights fundraiser",,reddit.com,,/r/reddit.com/comments/1x6z/hacktivists_parody_google_logo_for_protest_china/,boingboing.net,http://www.boingboing.net/2006/02/12/hacktivists_parody_g.html,0,,,1139774712,,0,0,0,0,0
11241,1xpq,vijitnair,U.S. and China: A 'Mutual Hostage Situation',,reddit.com,,/r/reddit.com/comments/1xpq/us_and_china_a_mutual_hostage_situation/,abcnews.go.com,http://abcnews.go.com/GMA/story?id=1322658,6,,,1139834726,,0,0,0,0,0
11612,2y5r,Schwallex,Political Prisoners in China: Making the Disappeared Re-appear,,reddit.com,,/r/reddit.com/comments/2y5r/political_prisoners_in_china_making_the/,service.spiegel.de,"http://service.spiegel.de/cache/international/spiegel/0,1518,405076,00.html",0,,,1142099620,,0,0,0,0,0
11618,2y5x,bjlaobao,The 1st Search Engine Strategy conference in China,,reddit.com,,/r/reddit.com/comments/2y5x/the_1st_search_engine_strategy_conference_in_china/,proven.iblog.com,http://proven.iblog.com/,0,,,1142099803,,0,0,0,0,0
11740,2y8v,honekaimedia,China Last to Get XBox 360,,reddit.com,,/r/reddit.com/comments/2y8v/china_last_to_get_xbox_360/,techeblog.com,http://www.techeblog.com/index.php/tech-gadget/china-last-to-get-xbox-360,0,,,1142105632,,0,0,0,0,0
11750,1y64,SuperMac,Dating in China.,,reddit.com,,/r/reddit.com/comments/1y64/dating_in_china/,english.sina.com,http://english.sina.com/life/1/2006/0208/64777.html,0,,,1139872240,,0,0,0,0,0
12535,1yv9,jmelesky,"In Rare Briefing, China Defends Internet Controls - New York Times",,reddit.com,,/r/reddit.com/comments/1yv9/in_rare_briefing_china_defends_internet_controls/,nytimes.com,http://www.nytimes.com/2006/02/14/international/asia/14cnd-china.html?ex=1297573200&amp;en=d7e5e2b0d90db3eb&amp;ei=5088&amp;partner=rssnyt&amp;emc=rss,0,,,1139943640,,0,0,0,0,0
12673,1z20,chinaman,China Search Engine Market,,reddit.com,,/r/reddit.com/comments/1z20/china_search_engine_market/,chinasnippets.com,http://www.chinasnippets.com/2006/02/15/china-search-engine-market/,0,,,1139982345,,0,0,0,0,0
12973,30iw,unknown,India will overtake China in 7 years,,reddit.com,,/r/reddit.com/comments/30iw/india_will_overtake_china_in_7_years/,dnaindia.com,http://www.dnaindia.com/report.asp?NewsID=1017843,0,,,1142240917,,0,0,0,0,0
13266,23346,geebee,An Iran-Russia-China axis?,,reddit.com,,/r/reddit.com/comments/23346/an_iranrussiachina_axis/,janes.com,http://www.janes.com/regional_news/europe/news/jid/jid051027_1_n.shtml,6,,,1136371362,1522524488.0,0,0,0,0,0
13540,1zsf,suds,On Investing In India Vs China,,reddit.com,,/r/reddit.com/comments/1zsf/on_investing_in_india_vs_china/,123suds.blogspot.com,http://123suds.blogspot.com/2006/02/on-investing-in-india-vs-china.html,0,,,1140077750,,0,0,0,0,0
13598,1zu5,nasalter,Official Google Blog: Testimony: The Internet in China,,reddit.com,,/r/reddit.com/comments/1zu5/official_google_blog_testimony_the_internet_in/,googleblog.blogspot.com,http://googleblog.blogspot.com/2006/02/testimony-internet-in-china.html,0,,,1140082323,,0,0,0,0,0
13828,23595,[deleted],Photo gallery - motorcycle expedition from Germany - China - Thailand - India - Iran - Germany,,reddit.com,,/r/reddit.com/comments/23595/photo_gallery_motorcycle_expedition_from_germany/,lomo-expedition.de,http://www.lomo-expedition.de/gallery-en.html,0,,,1136433862,1522524523.0,0,0,0,0,0
14005,20ar,lmpinto,China Cracks Down On Game-Related Internet Cafes,,reddit.com,,/r/reddit.com/comments/20ar/china_cracks_down_on_gamerelated_internet_cafes/,gamasutra.com,http://www.gamasutra.com/php-bin/news_index.php?story=8185,0,,,1140125088,,0,0,0,0,0
14422,23784,Schwallex,China's High-tech Offensive: From Sweatshop to Laboratory,,reddit.com,,/r/reddit.com/comments/23784/chinas_hightech_offensive_from_sweatshop_to/,service.spiegel.de,"http://service.spiegel.de/cache/international/spiegel/0,1518,393615,00.html",1,,,1136482229,1522524554.0,0,0,0,0,0
14847,20wd,DaveR1226,Hypocrisy in the China syndrome | News.blog | CNET News.com,,reddit.com,,/r/reddit.com/comments/20wd/hypocrisy_in_the_china_syndrome_newsblog_cnet/,news.com.com,http://news.com.com/2061-11199_3-6040976.html,1,,,1140197695,,0,0,0,0,0
14920,20zo,landercut,Is China Preparing for a Oil War?,,reddit.com,,/r/reddit.com/comments/20zo/is_china_preparing_for_a_oil_war/,infoshop.org,http://www.infoshop.org/inews/article.php?story=20060215180623912,13,,,1140206563,,0,0,0,0,0
15026,23998,markbres,China signals switch in reserves away from dollar - Financial Times - MSNBC.com,,reddit.com,,/r/reddit.com/comments/23998/china_signals_switch_in_reserves_away_from_dollar/,msnbc.msn.com,http://www.msnbc.msn.com/id/10725855/from/RSS/,49,,,1136549405,1522524585.0,0,0,0,0,0
15076,33mw,similan,Google China censors image search,,reddit.com,,/r/reddit.com/comments/33mw/google_china_censors_image_search/,izreloaded.blogspot.com,http://izreloaded.blogspot.com/2006/03/google-china-censors-image-search.html,0,,,1142408543,,0,0,0,0,0
15150,24045,ousama,10 Amazing Architecture Wonders of the New China,,reddit.com,,/r/reddit.com/comments/24045/10_amazing_architecture_wonders_of_the_new_china/,images.businessweek.com,http://images.businessweek.com/ss/05/12/china_wonders/index_01.htm,43,,,1136558908,1522525012.0,0,0,0,0,0
15307,33yt,abb,Belated recognition for China's 'Schindler',,reddit.com,,/r/reddit.com/comments/33yt/belated_recognition_for_chinas_schindler/,iht.com,http://www.iht.com/bin/print_ipub.php?file=/articles/2006/03/14/news/journal.php,0,,,1142427749,,0,0,0,0,0
16003,21x5,maxline,"Citroën C-Triomphe in China, a world first",,reddit.com,,/r/reddit.com/comments/21x5/citroën_ctriomphe_in_china_a_world_first/,automotoportal.com,http://www.automotoportal.com/article/Citroen_C-Triomphe_in_China,0,,,1140354729,,0,0,0,0,0
16288,24633,apl,The great firewall of China,,reddit.com,,/r/reddit.com/comments/24633/the_great_firewall_of_china/,news.bbc.co.uk,http://news.bbc.co.uk/2/hi/programmes/click_online/4587622.stm,4,,,1136744497,1522525106.0,0,0,0,0,0
16829,36dq,jbstjohn,World of Warcraft Sweatshops in China -- documentary [video],,reddit.com,,/r/reddit.com/comments/36dq/world_of_warcraft_sweatshops_in_china_documentary/,youtube.com,http://youtube.com/watch?v=ho5Yxe6UVv4,0,,,1142518800,,0,0,0,0,0
16984,24904,gst,"'We Love China'. The Chinese come to Africa as equals, with no colonial hangover, no complex relationship of resentment.",,reddit.com,,/r/reddit.com/comments/24904/we_love_china_the_chinese_come_to_africa_as/,granta.com,http://www.granta.com/extracts/2616,8,,,1136822873,1522525152.0,0,0,0,0,0
17169,36t3,mppc2006,"What Does It Mean to ""Do Business"" in China? :: AO",,reddit.com,,/r/reddit.com/comments/36t3/what_does_it_mean_to_do_business_in_china_ao/,alwayson-network.com,http://www.alwayson-network.com/comments.php?id=14366_0_11_0_C,0,,,1142535368,,0,0,0,0,0
17609,25178,geebee,China-Africa trade jumps by 39%,,reddit.com,,/r/reddit.com/comments/25178/chinaafrica_trade_jumps_by_39/,news.bbc.co.uk,http://news.bbc.co.uk/1/hi/business/4587374.stm,6,,,1136894944,1522525600.0,0,0,0,0,0
17613,25180,geebee,"A rallying point for non-western powers such as China, Iran and Russia?",,reddit.com,,/r/reddit.com/comments/25180/a_rallying_point_for_nonwestern_powers_such_as/,globalsecurity.org,http://www.globalsecurity.org/military/world/int/sco.htm,1,,,1136895289,1522525600.0,0,0,0,0,0
17738,23cc,mklink,"""Technologie-Klau"": Chinas Transrapid-Kopie empört Stoiber",,de,,/r/de/comments/23cc/technologieklau_chinas_transrapidkopie_empört/,focus.msn.de,http://focus.msn.de/hps/fol/newsausgabe/newsausgabe.htm?id=25162,3,,,1140503172,,0,0,0,0,0
18770,25756,alecb,China's Trade Surplus Tripled in 2005,,reddit.com,,/r/reddit.com/comments/25756/chinas_trade_surplus_tripled_in_2005/,nytimes.com,http://nytimes.com/2006/01/11/business/11cnd-yuan.html?hp&amp;ex=1137042000&amp;en=28bd56049b99388a&amp;ei=5094&amp;partner=homepage,2,,,1137005282,1522525697.0,0,0,0,0,0
18801,25769,djnasser,China's latest export: Language,,reddit.com,,/r/reddit.com/comments/25769/chinas_latest_export_language/,iht.com,http://www.iht.com/articles/2006/01/11/news/china.php,8,,,1137006877,1522525698.0,0,0,0,0,0
19075,24ip,adnam,Report claims Google has no licence to operate in China,,reddit.com,,/r/reddit.com/comments/24ip/report_claims_google_has_no_licence_to_operate_in/,technology.guardian.co.uk,"http://technology.guardian.co.uk/news/story/0,,1715141,00.html",0,,,1140606772,,0,0,0,0,0
19393,26003,geebee,China and India 'hold the world in balance',,reddit.com,,/r/reddit.com/comments/26003/china_and_india_hold_the_world_in_balance/,newscientist.com,http://www.newscientist.com/article.ns?id=dn8570,10,,,1137048397,1522526153.0,0,0,0,0,0
20241,25kc,earthboundkid,Breaking China: How to solve Google's Beijing problem,,reddit.com,,/r/reddit.com/comments/25kc/breaking_china_how_to_solve_googles_beijing/,slate.com,http://www.slate.com/id/2136777/fr/rss/,0,,,1140664702,,0,0,0,0,0
20263,26395,hitsman,The Great Firewall of China: Skype censorship,,reddit.com,,/r/reddit.com/comments/26395/the_great_firewall_of_china_skype_censorship/,businessweek.com,http://www.businessweek.com/technology/content/jan2006/tc20060112_434051.htm,1,,,1137116679,1522526206.0,0,0,0,0,0
20736,3b5l,mklink,A Glimpse of our Geopolitical Future -- The East and South China Seas,,reddit.com,,/r/reddit.com/comments/3b5l/a_glimpse_of_our_geopolitical_future_the_east_and/,theoildrum.com,http://www.theoildrum.com/story/2006/3/14/192717/219,2,,,1142869560,,0,0,0,0,0
20755,26649,grey_0x2a,China beat Columbus to America,,reddit.com,,/r/reddit.com/comments/26649/china_beat_columbus_to_america/,economist.com,http://www.economist.com/books/displaystory.cfm?story_id=5381851,70,,,1137170830,1522526251.0,0,0,0,0,0
20810,26677,alecb,BBC NEWS | China map lays claim to Americas,,reddit.com,,/r/reddit.com/comments/26677/bbc_news_china_map_lays_claim_to_americas/,news.bbc.co.uk,http://news.bbc.co.uk/2/hi/asia-pacific/4609074.stm,2,,,1137176951,1522526254.0,0,0,0,0,0
21048,265f,drdre,Stewart on Google in China (Hilarious Video)!,,reddit.com,,/r/reddit.com/comments/265f/stewart_on_google_in_china_hilarious_video/,vsocial.com,http://www.vsocial.com/video/?d=8435,0,,,1140694612,,0,0,0,0,0
21097,26813,cg84,How China Controls the Internet,,reddit.com,,/r/reddit.com/comments/26813/how_china_controls_the_internet/,businessweek.com,http://www.businessweek.com/bwdaily/dnflash/jan2006/nf20060113_6735_db053.htm?campaign_id=rss_daily,9,,,1137235050,1522526285.0,0,0,0,0,0
21151,3bil,liberalcowboy,Six Apart spreads its wings into China,,reddit.com,,/r/reddit.com/comments/3bil/six_apart_spreads_its_wings_into_china/,blogherald.com,http://www.blogherald.com/2006/03/20/six-apart-spreads-its-wings-into-china/,0,,,1142889421,,0,0,0,0,0
21260,26891,waxbolt,PEACEFIRE - help circumvent the great firewall of China,,reddit.com,,/r/reddit.com/comments/26891/peacefire_help_circumvent_the_great_firewall_of/,peacefire.org,http://peacefire.org/,11,,,1137259504,1522526288.0,0,0,0,0,0
21266,26894,Mukhatir,36 Strategies of Ancient China,,reddit.com,,/r/reddit.com/comments/26894/36_strategies_of_ancient_china/,chinastrategies.com,http://www.chinastrategies.com/List.htm,14,,,1137260664,1522526288.0,0,0,0,0,0
21707,26p2,wanax,A Pig and an Admiral on China as Superpower,,reddit.com,,/r/reddit.com/comments/26p2/a_pig_and_an_admiral_on_china_as_superpower/,bitsofnews.com,http://bitsofnews.com/modules.php?name=News&amp;file=article&amp;sid=3401,2,,,1140725441,,0,0,0,0,0
21737,3c82,gst,China: Zehn Jahre Haft für Web-Posting\t,,de,,/r/de/comments/3c82/china_zehn_jahre_haft_für_webpostingt/,spiegel.de,"http://www.spiegel.de/netzwelt/politik/0,1518,406525,00.html",4,,,1142930962,,0,0,0,0,0
22081,272q,jawahar,China warns Hong Kong cardinal,,reddit.com,,/r/reddit.com/comments/272q/china_warns_hong_kong_cardinal/,news.bbc.co.uk,http://news.bbc.co.uk/2/hi/asia-pacific/4742834.stm,0,,,1140756668,,0,0,0,0,0
22283,3cn4,webdonkey,"Torture in China, new UN report",,reddit.com,,/r/reddit.com/comments/3cn4/torture_in_china_new_un_report/,lawprofessors.typepad.com,http://lawprofessors.typepad.com/law_librarian_blog/2006/03/report_of_the_s.html,0,,,1142951756,,0,0,0,0,0
22433,3ctc,kokon,U.S. lawmakers to press China on currency,,reddit.com,,/r/reddit.com/comments/3ctc/us_lawmakers_to_press_china_on_currency/,businessweek.com,http://www.businessweek.com/ap/financialnews/D8GFVGT83.htm?campaign_id=apn_home_down&amp;chan=db,0,,,1142956948,,0,0,0,0,0
22558,27em,ipwalk,China far ahead of India on the Internet,,reddit.com,,/r/reddit.com/comments/27em/china_far_ahead_of_india_on_the_internet/,ipwalk.com,http://www.ipwalk.com/general/show_news/id/7,4,,,1140783152,,0,0,0,0,0
22595,27488,alecb,Booming Exports Boost China's Foreign Currency Reserves,,reddit.com,,/r/reddit.com/comments/27488/booming_exports_boost_chinas_foreign_currency/,washingtonpost.com,http://www.washingtonpost.com/wp-dyn/content/article/2006/01/16/AR2006011600450.html,2,,,1137432646,1522526800.0,0,0,0,0,0
22724,3d7q,lonjerpc,China moving to block Skype,,reddit.com,,/r/reddit.com/comments/3d7q/china_moving_to_block_skype/,news.yahoo.com,http://news.yahoo.com/s/afp/chinainternettelecomtechnology;_ylt=AmG7PWBMvJkyi4EzN1lYr6wjtBAF;_ylu=X3oDMTA5aHJvMDdwBHNlYwN5bmNhdA--,0,,,1142969008,,0,0,0,0,0
24096,28na,waggawagga,Stunning photos of China,,reddit.com,,/r/reddit.com/comments/28na/stunning_photos_of_china/,impactlab.com,http://www.impactlab.com/modules.php?name=News&amp;file=article&amp;sid=7301,32,,,1140906115,,0,0,0,0,0
24295,3ezv,linuxer,Organhandel in China: Das Geschäft mit den Hingerichteten,,de,,/r/de/comments/3ezv/organhandel_in_china_das_geschäft_mit_den/,spiegel.de,"http://www.spiegel.de/panorama/0,1518,407139,00.html",3,,,1143061733,,0,0,0,0,0
24430,28w5,katanafx,World Of Warcraft China Cola Commercial,,reddit.com,,/r/reddit.com/comments/28w5/world_of_warcraft_china_cola_commercial/,hemmy.net,http://www.hemmy.net/2006/02/26/wow-china-cola-commercial/,0,,,1140963195,,0,0,0,0,0
24524,3fot,FatAlbert,San Francisco Chinatown leader's murder may be related to his strong anti-Chinese Communist Party beliefs,,reddit.com,,/r/reddit.com/comments/3fot/san_francisco_chinatown_leaders_murder_may_be/,english.epochtimes.com,http://english.epochtimes.com/news/6-3-10/39110.html,1,,,1143091499,,0,0,0,0,0
24588,3fu8,nitayuanita,"AirAsia looks to China, India for Asian ambitions to take-off",,reddit.com,,/r/reddit.com/comments/3fu8/airasia_looks_to_china_india_for_asian_ambitions/,asiatravelweblog.com,http://www.asiatravelweblog.com/71/,0,,,1143098053,,0,0,0,0,0
25185,3gjy,samrobb,China introduces luxury tax on chopsticks,,reddit.com,,/r/reddit.com/comments/3gjy/china_introduces_luxury_tax_on_chopsticks/,news.bbc.co.uk,http://news.bbc.co.uk/2/hi/business/4831734.stm,10,,,1143137050,,0,0,0,0,0
25248,2a61,enjahova,"Taiwan president scraps reunification committee, China pissed",,reddit.com,,/r/reddit.com/comments/2a61/taiwan_president_scraps_reunification_committee/,csmonitor.com,http://www.csmonitor.com/2006/0227/dailyUpdate.html,0,,,1141068070,,0,0,0,0,0
25326,2a8w,mklink,Biotop statt Golfclub. China ist immer wieder für einen Thrill gut...,,de,,/r/de/comments/2a8w/biotop_statt_golfclub_china_ist_immer_wieder_für/,heise.de,http://www.heise.de/tr/blog/artikel/70064,2,,,1141072341,,0,0,0,0,0
25638,2bqt,jawahar,"India flies, China falls to 'flawed' economy",,reddit.com,,/r/reddit.com/comments/2bqt/india_flies_china_falls_to_flawed_economy/,expressindia.com,http://www.expressindia.com/fullstory.php?newsid=63530,0,,,1141117089,,0,0,0,0,0
25860,2e9w,checkthsout,China May Have Invented Golf,,reddit.com,,/r/reddit.com/comments/2e9w/china_may_have_invented_golf/,iht.com,http://www.iht.com/articles/2006/02/28/news/chinagolf.php,0,,,1141141276,,0,0,0,0,0
25989,2fvh,radi8,Does China prepare to launch an alternate internet?,,reddit.com,,/r/reddit.com/comments/2fvh/does_china_prepare_to_launch_an_alternate_internet/,reseize.com,http://reseize.com/2006/02/does-china-prepare-to-launch-alternate.html,0,,,1141150454,,0,0,0,0,0
26004,2g5n,lmpinto,China creates new paralell domain name service.,,reddit.com,,/r/reddit.com/comments/2g5n/china_creates_new_paralell_domain_name_service/,interfax.cn,http://www.interfax.cn/showfeature.asp?aid=10411&amp;slug=INTERNET-POLICY-MII-DOMAIN%20NAME-DNS,1,,,1141152484,,0,0,0,0,0
26467,3i3i,swizzle,The Sujiatun Concentration Camp in China - Harvesting Organs from Falun Gong Prisoners,,reddit.com,,/r/reddit.com/comments/3i3i/the_sujiatun_concentration_camp_in_china/,washingtontimes.com,http://washingtontimes.com/national/20060323-114842-5680r.htm,5,,,1143239413,,0,0,0,0,0
26545,5yb0m,dotcoma,Google Images Censors Too in China,,reddit.com,,/r/reddit.com/comments/5yb0m/google_images_censors_too_in_china/,blog.outer-court.com,http://blog.outer-court.com/archive/2006-01-27-n42.html,0,,,1138388767,1522676582.0,0,0,0,0,0
26546,5yb0n,jmelesky,Bill Gates defends Google's policy in China,,reddit.com,,/r/reddit.com/comments/5yb0n/bill_gates_defends_googles_policy_in_china/,business.timesonline.co.uk,"http://business.timesonline.co.uk/article/0,,19149-2012784,00.html",3,,,1138388733,1522676582.0,0,0,0,0,0
26559,5yb1h,[deleted],Google posts official statement about their China policy,,reddit.com,,/r/reddit.com/comments/5yb1h/google_posts_official_statement_about_their_china/,googleblog.blogspot.com,http://googleblog.blogspot.com/2006/01/google-in-china.html,16,,,1138383208,1522676582.0,0,0,0,0,0
26760,5yab4,shawndhenson,The Click That Broke China's Grip.,,reddit.com,,/r/reddit.com/comments/5yab4/the_click_that_broke_chinas_grip/,washingtonpost.com,http://www.washingtonpost.com/wp-dyn/content/article/2006/02/18/AR2006021801389.html?nav=rss_technology,77,,,1140369072,1522676570.0,0,0,0,0,0
26781,5yacv,paulfaux,Iran and China may soon finalize large oil deal,,reddit.com,,/r/reddit.com/comments/5yacv/iran_and_china_may_soon_finalize_large_oil_deal/,tiscali.co.uk,http://www.tiscali.co.uk/news/newswire.php/news/reuters/2006/02/17/world/chinairanmayfinaliseoildealinmarch-magazine.html&amp;template=/news/templates/newswire/news_story_reuters.html,0,,,1140262937,1522676572.0,0,0,0,0,0
27461,3jmz,ousama,US-China trade war looms,,reddit.com,,/r/reddit.com/comments/3jmz/uschina_trade_war_looms/,observer.guardian.co.uk,"http://observer.guardian.co.uk/business/story/0,,1739428,00.html?gusrc=rss",0,,,1143396579,,0,0,0,0,0
28083,3ltn,unknown,China Coming out,,reddit.com,,/r/reddit.com/comments/3ltn/china_coming_out/,economist.com,http://www.economist.com/surveys/displaystory.cfm?story_id=5623226,0,,,1143522716,,0,0,0,0,0
28516,3nhb,FatAlbert,Investigation Continues Into Execution Style Murder of Chinatown Leader,,reddit.com,,/r/reddit.com/comments/3nhb/investigation_continues_into_execution_style/,abclocal.go.com,http://abclocal.go.com/kgo/story?section=local&amp;id=4023305,1,,,1143606867,,0,0,0,0,0
29313,3pvf,eadmund,Toronto Sun: China Harvesting Convicts' Organs,,reddit.com,,/r/reddit.com/comments/3pvf/toronto_sun_china_harvesting_convicts_organs/,torontosun.com,http://www.torontosun.com/News/Columnists/Worthington_Peter/2006/03/25/1505613.html,0,,,1143749134,,0,0,0,0,0
3351,y2z,Biohacker,Decoding the cellular machinary,,reddit.com,,/r/reddit.com/comments/y2z/decoding_the_cellular_machinary/,biosingularity.wordpress.com,http://biosingularity.wordpress.com/2006/01/22/decoding-the-cellular-machinary/,0,,,1137948645,,0,0,0,0,0
